{
    "c79863de3cb719d54529ba45d362f0b18bac3edd3ca1fa47d7899f81c8a774b0": {
        "Products": [
            {
                "id": "9999999999",
                "name": "000 twst tovar WIIII MYYYYY finish",
                "parents": "000007614",
                "Stock_flag": null,
                "History_flag": null,
                "Pic_flag": null,
                "Comment": "",
                "Marketing_comment": "",
                "units": [
                    {
                        "id": "000000096",
                        "name": "шт.",
                        "coefficient": 1
                    }
                ],
                "prices": null,
                "stocks": null
            }
        ],
        "Points": [
            {
                "id": "000002817",
                "name": "ПП Малиновская А.М. (Одеса) NEW 2",
                "addres": "Одеська область, Одеса, Балківська,199",
                "phone_number": [
                    {
                        "tel": "0157511127",
                        "name": "...."
                    }
                ],
                "emails": [
                    {
                        "mail": "test@mail.com",
                        "name": "...."
                    }
                ],
                "Comment": "",
                "type_paying": "1",
                "type_price": {
                    "id_type_price": "000000007",
                    "name_type_price": "розница 1"
                }
            }
        ]
    }
}